"","text","favorited","favoriteCount","replyToSN","created","truncated","replyToSID","id","replyToUID","statusSource","screenName","retweetCount","isRetweet","retweeted","longitude","latitude"
"1","O üá®üá¶#Canada üëáüèø Eh. #coronavirus #COVID19 @BernieSanders @SpeakerPelosi @AOC @realDonaldTrump @POTUS @stevenmnuchin1‚Ä¶ https://t.co/rHNexAdwGE",FALSE,0,NA,2020-03-26 04:08:52,TRUE,NA,"1243027113789153280",NA,"<a href=""https://mobile.twitter.com"" rel=""nofollow"">Twitter Web App</a>","HaidaPrincess",0,FALSE,FALSE,NA,NA
"2","RT @pereradaniel: Ma√±ana EUA rebasar√° a Italia en el n√∫mero de casos de #COVID19 y en unos d√≠as superar√° a China. No soy fan de Biden, pero‚Ä¶",FALSE,0,NA,2020-03-26 04:06:41,FALSE,NA,"1243026564276617216",NA,"<a href=""http://twitter.com/download/iphone"" rel=""nofollow"">Twitter for iPhone</a>","pcardielhotmai1",3,TRUE,FALSE,NA,NA
"3","America must trust most governors &amp; mayors to get through #COVID19.. bcuz Trump is a dumb narcissist SoB who doesn‚Äô‚Ä¶ https://t.co/7sGaKCjUlG",FALSE,1,NA,2020-03-26 04:05:27,TRUE,NA,"1243026253650812933",NA,"<a href=""http://twitter.com/download/iphone"" rel=""nofollow"">Twitter for iPhone</a>","NETRetired",0,FALSE,FALSE,NA,NA
"4","RT @pereradaniel: Ma√±ana EUA rebasar√° a Italia en el n√∫mero de casos de #COVID19 y en unos d√≠as superar√° a China. No soy fan de Biden, pero‚Ä¶",FALSE,0,NA,2020-03-26 04:04:22,FALSE,NA,"1243025978865209344",NA,"<a href=""http://twitter.com/download/iphone"" rel=""nofollow"">Twitter for iPhone</a>","_kwy",3,TRUE,FALSE,NA,NA
"5","RT @pereradaniel: Ma√±ana EUA rebasar√° a Italia en el n√∫mero de casos de #COVID19 y en unos d√≠as superar√° a China. No soy fan de Biden, pero‚Ä¶",FALSE,0,NA,2020-03-26 04:02:22,FALSE,NA,"1243025474600742916",NA,"<a href=""http://twitter.com/download/android"" rel=""nofollow"">Twitter for Android</a>","M_J_C_E",3,TRUE,FALSE,NA,NA
"6","@JoeBiden And maybe yes @realDonaldTrump take action üòâ #COVID19 #Andrenochrome #PIZZAGATEISREAL #Pedowood‚Ä¶ https://t.co/41ogIc7NiA",FALSE,0,"JoeBiden",2020-03-26 04:00:15,TRUE,"1242979580941492226","1243024942540754945","939091","<a href=""http://twitter.com/download/iphone"" rel=""nofollow"">Twitter for iPhone</a>","source_opinion",0,FALSE,FALSE,NA,NA
"7","RT @BidenHarris420: #COVID19 is not a ""hoax"" as Trump claimed in February, nor do we have ""everything under control."" @JoeBiden has demonst‚Ä¶",FALSE,0,NA,2020-03-26 03:59:30,FALSE,NA,"1243024754635931653",NA,"<a href=""http://itunes.apple.com/us/app/twitter/id409789998?mt=12"" rel=""nofollow"">Twitter for Mac</a>","grey_geena",10,TRUE,FALSE,NA,NA
"8","Ma√±ana EUA rebasar√° a Italia en el n√∫mero de casos de #COVID19 y en unos d√≠as superar√° a China. No soy fan de Biden‚Ä¶ https://t.co/dEexSSEmIj",FALSE,11,NA,2020-03-26 03:58:09,TRUE,NA,"1243024416923168768",NA,"<a href=""http://twitter.com/download/iphone"" rel=""nofollow"">Twitter for iPhone</a>","pereradaniel",3,FALSE,FALSE,NA,NA
"9","#realDonaldTrump &amp; #GOP this is on you! #coronavirus #COVID2019 #TrumpVirus #POTUS45 #Biden2020
#CountryOverParty‚Ä¶ https://t.co/uNxT2DZtJD",FALSE,0,NA,2020-03-26 03:57:36,TRUE,NA,"1243024274807373824",NA,"<a href=""http://twitter.com/download/android"" rel=""nofollow"">Twitter for Android</a>","Dvilwmn",0,FALSE,FALSE,NA,NA
"10","@GOP @realDonaldTrump You could've shut down international flights + started a mandatory quarantine for anyone ente‚Ä¶ https://t.co/oOmQuams4y",FALSE,0,"GOP",2020-03-26 03:55:37,TRUE,"1242806265153232906","1243023775895097344","11134252","<a href=""http://twitter.com/download/android"" rel=""nofollow"">Twitter for Android</a>","MEActNOW",0,FALSE,FALSE,NA,NA
"11","RT @Ontheotherhand: @davidsiders @BernieSanders @JoeBiden It‚Äôs not only up to Joe. @SenSanders has a lot to say and many want to hear him.‚Ä¶",FALSE,0,NA,2020-03-26 03:52:38,FALSE,NA,"1243023026364354560",NA,"<a href=""http://twitter.com/download/iphone"" rel=""nofollow"">Twitter for iPhone</a>","JockBuster",11,TRUE,FALSE,NA,NA
"12","@joebiden It's more important than ever for the American people to hear from you across all national networks and m‚Ä¶ https://t.co/WFNvPABdBi",FALSE,1,"JoeBiden",2020-03-26 03:49:24,TRUE,NA,"1243022211746803712","939091","<a href=""http://twitter.com/download/android"" rel=""nofollow"">Twitter for Android</a>","LeeBlask",0,FALSE,FALSE,NA,NA
"13","RT @BryanDawsonUSA: Obama v Trump: the Pandemic Response

#coronavirus #COVID19 #COVID„Éº19 @JoeBiden #PresidentBiden #ThanksObama #ThanksNan‚Ä¶",FALSE,0,NA,2020-03-26 03:46:34,FALSE,NA,"1243021501416251392",NA,"<a href=""http://twitter.com/#!/download/ipad"" rel=""nofollow"">Twitter for iPad</a>","msteach11",771,TRUE,FALSE,NA,NA
"14","#COVID2019 #COVID19 #Coronavirus #CoronavirusPandemic #CoronaCrisis #CoronaVirusChallenge #COVIDIOT‚Ä¶ https://t.co/6h6Jz0RB71",FALSE,0,"Wesley_S_Lewis",2020-03-26 03:44:09,TRUE,"1243013471312240640","1243020891472236544","1859891408","<a href=""https://mobile.twitter.com"" rel=""nofollow"">Twitter Web App</a>","Wesley_S_Lewis",0,FALSE,FALSE,NA,NA
"15","@JoeBiden @TeamJoe What are you celebrating Joe?  #Coronavirus #ChineseVirus #COVID2019 #COVID19  #COVID„Éº19",FALSE,0,"JoeBiden",2020-03-26 03:43:07,FALSE,"1242942917229948928","1243020630850777089","939091","<a href=""https://mobile.twitter.com"" rel=""nofollow"">Twitter Web App</a>","VirusBuster11",0,FALSE,FALSE,NA,NA
"16","@HawaiiDelilah @JoeBiden The US is poised to pass China for the highest number of Covid19 cases, within 2-3 days. S‚Ä¶ https://t.co/LvXJUHFNc8",FALSE,0,"HawaiiDelilah",2020-03-26 03:39:47,TRUE,"1243016354627604482","1243019792510005249","164554364","<a href=""https://mobile.twitter.com"" rel=""nofollow"">Twitter Web App</a>","ChaseStevens2",0,FALSE,FALSE,NA,NA
"17","@JoeBiden Joe, while the whole nation is fighting the pandemic, and you said #Coronavirus Cure Will Make The Proble‚Ä¶ https://t.co/HBZXJBKAbF",FALSE,0,"JoeBiden",2020-03-26 03:39:00,TRUE,"1242979580941492226","1243019597797896204","939091","<a href=""https://mobile.twitter.com"" rel=""nofollow"">Twitter Web App</a>","VirusBuster11",0,FALSE,FALSE,NA,NA
"18","RT @RubyRockstar333: I'd never wish for Joe Biden to get #coronavirus but it's crazy he doesn't already have it. 

Here's why:
Age is in ri‚Ä¶",FALSE,0,NA,2020-03-26 03:38:13,FALSE,NA,"1243019396706177024",NA,"<a href=""http://twitter.com/download/android"" rel=""nofollow"">Twitter for Android</a>","amy_kerlin",37,TRUE,FALSE,NA,NA
"19","RT @BidenHarris420: #COVID19 is not a ""hoax"" as Trump claimed in February, nor do we have ""everything under control."" @JoeBiden has demonst‚Ä¶",FALSE,0,NA,2020-03-26 03:35:25,FALSE,NA,"1243018693250072577",NA,"<a href=""http://twitter.com/download/iphone"" rel=""nofollow"">Twitter for iPhone</a>","SnipzPA",10,TRUE,FALSE,NA,NA
"20","Breaking news!!! U.S Covid19 death toll now over 1000 @CNN @foxnews @msnbc @joebiden @nytimes @cbsnews @abc",FALSE,0,NA,2020-03-26 03:33:41,FALSE,NA,"1243018258103635978",NA,"<a href=""https://mobile.twitter.com"" rel=""nofollow"">Twitter Web App</a>","_Unionistparty",0,FALSE,FALSE,NA,NA
"21","@BrandonBeckham_ @realDonaldTrump @JoeBiden Donald Trump knew in January dangers of Coronavirus. Didn‚Äôt buy, produc‚Ä¶ https://t.co/KjZsMy5l8y",FALSE,0,"BrandonBeckham_",2020-03-26 03:29:45,TRUE,"1241935646823829505","1243017266557595650","338473859","<a href=""https://mobile.twitter.com"" rel=""nofollow"">Twitter Web App</a>","kaceyboi",0,FALSE,FALSE,NA,NA
"22","Freaks!!!! Where are the real #Republicans #Biden2020
#CountryOverParty
#OneTermTrump
#VoteBlueNoMatterWho‚Ä¶ https://t.co/u6ZQLqTszQ",FALSE,1,NA,2020-03-26 03:28:20,TRUE,NA,"1243016913535426561",NA,"<a href=""http://twitter.com/download/android"" rel=""nofollow"">Twitter for Android</a>","Dvilwmn",0,FALSE,FALSE,NA,NA
"23","RT @Goss30Goss: This #COVID19 has everyone on edge. Time to relax, take a few deep breaths, &amp; look forward to @JoeBiden winning the Preside‚Ä¶",FALSE,0,NA,2020-03-26 03:27:42,FALSE,NA,"1243016751459250176",NA,"<a href=""http://twitter.com/download/android"" rel=""nofollow"">Twitter for Android</a>","LenBarron3",62,TRUE,FALSE,NA,NA
"24","RT @flyer1618: Have you noticed?
Bernie hasn't been bashing Joe lately.

I take it the DNC's check cleared!

#BernieSanders #JoeBiden #Maga‚Ä¶",FALSE,0,NA,2020-03-26 03:26:40,FALSE,NA,"1243016493723455496",NA,"<a href=""https://mobile.twitter.com"" rel=""nofollow"">Twitter Web App</a>","PDwyer451",6,TRUE,FALSE,NA,NA
"25","RT @HolleSharon: We need a real leader in the #WhiteHouse to help deal with #COVID19 , we need @JoeBiden. : #TeamJoe #COVID2019 #SocialDist‚Ä¶",FALSE,0,NA,2020-03-26 03:24:49,FALSE,NA,"1243016025693655041",NA,"<a href=""http://twitter.com/download/iphone"" rel=""nofollow"">Twitter for iPhone</a>","donnalburnell",5,TRUE,FALSE,NA,NA
"26","RT @LinnieElle: @MattMurph24 @mikefarb1 Would be a good time for @JoeBiden to remind people #Cuomo endorsed him not Bernie. #cuomobriefing‚Ä¶",FALSE,0,NA,2020-03-26 03:23:43,FALSE,NA,"1243015749221974016",NA,"<a href=""http://twitter.com/download/iphone"" rel=""nofollow"">Twitter for iPhone</a>","50smag",3,TRUE,FALSE,NA,NA
"27","RT @_SemaHernandez_: #MedicareForAll has more support than @JoeBiden.
#lit #COVID19",FALSE,0,NA,2020-03-26 03:23:20,FALSE,NA,"1243015652987867136",NA,"<a href=""http://twitter.com/download/android"" rel=""nofollow"">Twitter for Android</a>","LTheChief19",9,TRUE,FALSE,NA,NA
"28","@_SemaHernandez_ @JoeBiden #MedicareForAll #COVID19 
#NoCorporateBailout
https://t.co/7TyVfIKwaw",FALSE,0,"_SemaHernandez_",2020-03-26 03:19:27,FALSE,"1243012444827648003","1243014677061423106","845348489777332229","<a href=""https://mobile.twitter.com"" rel=""nofollow"">Twitter Web App</a>","aerwaves_",0,FALSE,FALSE,NA,NA
"29","RT @Goss30Goss: This #COVID19 has everyone on edge. Time to relax, take a few deep breaths, &amp; look forward to @JoeBiden winning the Preside‚Ä¶",FALSE,0,NA,2020-03-26 03:17:41,FALSE,NA,"1243014229558546433",NA,"<a href=""http://twitter.com/download/iphone"" rel=""nofollow"">Twitter for iPhone</a>","annie5133",62,TRUE,FALSE,NA,NA
"30","RT @_SemaHernandez_: #MedicareForAll has more support than @JoeBiden.
#lit #COVID19",FALSE,0,NA,2020-03-26 03:16:37,FALSE,NA,"1243013961693396992",NA,"<a href=""http://twitter.com/download/iphone"" rel=""nofollow"">Twitter for iPhone</a>","CaguamaPapi112",9,TRUE,FALSE,NA,NA
"31","RT @_SemaHernandez_: #MedicareForAll has more support than @JoeBiden.
#lit #COVID19 https://t.co/c7tOFrd4sW",FALSE,0,NA,2020-03-26 03:14:59,FALSE,NA,"1243013552530571265",NA,"<a href=""http://twitter.com"" rel=""nofollow"">Twitter Web Client</a>","kavn",9,TRUE,FALSE,NA,NA
"32","RT @_SemaHernandez_: #MedicareForAll has more support than @JoeBiden.
#lit #COVID19 https://t.co/c7tOFrd4sW",FALSE,0,NA,2020-03-26 03:13:32,FALSE,NA,"1243013188922290177",NA,"<a href=""https://mobile.twitter.com"" rel=""nofollow"">Twitter Web App</a>","LockedWhiskers",9,TRUE,FALSE,NA,NA
"33","RT @_SemaHernandez_: #MedicareForAll has more support than @JoeBiden.
#lit #COVID19",FALSE,0,NA,2020-03-26 03:13:23,FALSE,NA,"1243013150812688384",NA,"<a href=""http://twitter.com/download/iphone"" rel=""nofollow"">Twitter for iPhone</a>","kelmdm",9,TRUE,FALSE,NA,NA
"34","RT @_SemaHernandez_: #MedicareForAll has more support than @JoeBiden.
#lit #COVID19",FALSE,0,NA,2020-03-26 03:12:13,FALSE,NA,"1243012854279618561",NA,"<a href=""http://twitter.com/download/android"" rel=""nofollow"">Twitter for Android</a>","mellamoMC",9,TRUE,FALSE,NA,NA
"35","RT @_SemaHernandez_: #MedicareForAll has more support than @JoeBiden.
#lit #COVID19",FALSE,0,NA,2020-03-26 03:12:00,FALSE,NA,"1243012801045696512",NA,"<a href=""http://twitter.com/download/iphone"" rel=""nofollow"">Twitter for iPhone</a>","HailCaesar_",9,TRUE,FALSE,NA,NA
"36","Thanks a lot @BarackObama @JoeBiden üôÑ
‚Ä¢
@realDonaldTrump please don‚Äôt forget us #firstresponders 
‚Ä¢
#H1N1 #SwineFlu‚Ä¶ https://t.co/G9VaFqGKLp",FALSE,0,NA,2020-03-26 03:11:36,TRUE,NA,"1243012702366306304",NA,"<a href=""http://twitter.com/download/iphone"" rel=""nofollow"">Twitter for iPhone</a>","NytFury",0,FALSE,FALSE,NA,NA
"37","RT @_SemaHernandez_: #MedicareForAll has more support than @JoeBiden.
#lit #COVID19",FALSE,0,NA,2020-03-26 03:10:45,FALSE,NA,"1243012486783254534",NA,"<a href=""http://twitter.com/download/iphone"" rel=""nofollow"">Twitter for iPhone</a>","PearlJolly",9,TRUE,FALSE,NA,NA
"38","#MedicareForAll has more support than @JoeBiden.
#lit #COVID19 https://t.co/c7tOFrd4sW",FALSE,60,NA,2020-03-26 03:10:35,FALSE,NA,"1243012444827648003",NA,"<a href=""http://twitter.com/download/android"" rel=""nofollow"">Twitter for Android</a>","_SemaHernandez_",9,FALSE,FALSE,NA,NA
"39","RT @ifindkarma: @BarackObama @Gordon_Hannah Thank you for that link.

This video by @RonaldKlain on #COVID19 is helpful, too:

https://t.co‚Ä¶",FALSE,0,NA,2020-03-26 03:08:37,FALSE,NA,"1243011950453424129",NA,"<a href=""http://twitter.com/download/android"" rel=""nofollow"">Twitter for Android</a>","weeser1",126,TRUE,FALSE,NA,NA
"40","@handleyzo CAN Some1 @BernieSanders @JoeBiden @realDonaldTrump @VP @senatemajldr @SpeakerPelosi @SenateGOP‚Ä¶ https://t.co/jFArbY6MQb",FALSE,0,"handleyzo",2020-03-26 03:04:50,TRUE,"1242985531119632385","1243010998220570632","731130720085741569","<a href=""https://mobile.twitter.com"" rel=""nofollow"">Twitter Web App</a>","DagTag",0,FALSE,FALSE,NA,NA
"41","@Alyssa_Milano @JoeBiden I couldn‚Äôt think of anything less fun than this. Except maybe watching this while sick with COVID19.",FALSE,0,"Alyssa_Milano",2020-03-26 03:04:13,FALSE,"1242874125221167104","1243010842116927495","26642006","<a href=""http://twitter.com/download/iphone"" rel=""nofollow"">Twitter for iPhone</a>","Bern_itdown",0,FALSE,FALSE,NA,NA
"42","When you're on #EmergencyShutdown, the most bizarre shit comes to your mind, and you ask yourself extremely bizarre‚Ä¶ https://t.co/ikCrz8gDy5",FALSE,1,NA,2020-03-26 03:02:42,TRUE,NA,"1243010460410089472",NA,"<a href=""http://twitter.com/download/android"" rel=""nofollow"">Twitter for Android</a>","Royale_Dinero",0,FALSE,FALSE,NA,NA
"43","RT @pennyparker0523: @JoeBiden Help our heros &amp; call on Governors &amp; Senators to shut down our state. In our county alone we have 10 positiv‚Ä¶",FALSE,0,NA,2020-03-26 03:01:57,FALSE,NA,"1243010272937345029",NA,"<a href=""https://mobile.twitter.com"" rel=""nofollow"">Twitter Web App</a>","Iambjl",8,TRUE,FALSE,NA,NA
"44","RT @MollyNagle3: .@JoeBiden is giving remarks focused on how #COVID19 is impacting young Americans in particular.

""The only way we'll full‚Ä¶",FALSE,0,NA,2020-03-26 03:00:28,FALSE,NA,"1243009896859054080",NA,"<a href=""https://mobile.twitter.com"" rel=""nofollow"">Twitter Web App</a>","maxdementis",166,TRUE,FALSE,NA,NA
"45","America don‚Äôt RT bcuz @realDonaldTrump &amp; his presidential campaign is demanding tv stations STOP airing this commer‚Ä¶ https://t.co/7nUmklzodH",FALSE,0,NA,2020-03-26 02:56:46,TRUE,NA,"1243008968995323908",NA,"<a href=""http://twitter.com/download/iphone"" rel=""nofollow"">Twitter for iPhone</a>","NETRetired",0,FALSE,FALSE,NA,NA
"46","RT @HolleSharon: We need a real leader in the #WhiteHouse to help deal with #COVID19 , we need @JoeBiden. : #TeamJoe #COVID2019 #SocialDist‚Ä¶",FALSE,0,NA,2020-03-26 02:55:00,FALSE,NA,"1243008521756696586",NA,"<a href=""http://twitter.com/download/iphone"" rel=""nofollow"">Twitter for iPhone</a>","KathyA11",5,TRUE,FALSE,NA,NA
"47","@KBeds @JoeNBC @JoeBiden @BetoORourke @SpeakerPelosi @SenKamalaHarris ü¶†US may end up with worst #COVID19 outbreak i‚Ä¶ https://t.co/4UXN3GISG9",FALSE,0,"KBeds",2020-03-26 02:53:23,TRUE,NA,"1243008115169165314","192970470","<a href=""http://twitter.com/download/iphone"" rel=""nofollow"">Twitter for iPhone</a>","Badhombre2018",0,FALSE,FALSE,NA,NA
"48","RT @Michael____C: Here is our so called leader @realDonaldTrump in his own words.

#EnoughIsEnough! This man cares for nothing but himself‚Ä¶",FALSE,0,NA,2020-03-26 02:53:06,FALSE,NA,"1243008046143594498",NA,"<a href=""http://www.aol.com"" rel=""nofollow"">Resist </a>","ResistOrganize",3,TRUE,FALSE,NA,NA
"49","RT @Michael____C: Here is our so called leader @realDonaldTrump in his own words.

#EnoughIsEnough! This man cares for nothing but himself‚Ä¶",FALSE,0,NA,2020-03-26 02:52:20,FALSE,NA,"1243007852215558144",NA,"<a href=""http://twitter.com/download/iphone"" rel=""nofollow"">Twitter for iPhone</a>","kiwigirl3",3,TRUE,FALSE,NA,NA
"50","RT @MariannaNBCNews: .@JoeBiden has sharply criticized Pres. Trump‚Äôs delayed response to combat #COVID19 and is now asking the same questio‚Ä¶",FALSE,0,NA,2020-03-26 02:51:40,FALSE,NA,"1243007683134881794",NA,"<a href=""http://twitter.com/download/android"" rel=""nofollow"">Twitter for Android</a>","HighSEA53",51,TRUE,FALSE,NA,NA
"51","RT @Ontheotherhand: @davidsiders @BernieSanders @JoeBiden It‚Äôs not only up to Joe. @SenSanders has a lot to say and many want to hear him.‚Ä¶",FALSE,0,NA,2020-03-26 02:48:57,FALSE,NA,"1243007001745068032",NA,"<a href=""https://mobile.twitter.com"" rel=""nofollow"">Twitter Web App</a>","brigadoonblunt",11,TRUE,FALSE,NA,NA
"52","With hundreds of people dying today in the USA of covid19, Biden's proposed ""Happy Hour"" to try to bring in the you‚Ä¶ https://t.co/uTDwROTxXd",FALSE,0,NA,2020-03-26 02:48:34,TRUE,NA,"1243006905624039425",NA,"<a href=""https://mobile.twitter.com"" rel=""nofollow"">Twitter Web App</a>","judgej101",0,FALSE,FALSE,NA,NA
"53","Biden blindsides Trump‚Äôs Florida ally  https://t.co/2V57RoUQZn #Quarantine #SocialDistancing #StayTheFHome‚Ä¶ https://t.co/bDHPKYdvqF",FALSE,0,NA,2020-03-26 02:48:20,TRUE,NA,"1243006845905711104",NA,"<a href=""http://twitter.com"" rel=""nofollow"">Twitter Web Client</a>","Da_Show_Stopper",0,FALSE,FALSE,NA,NA
"54","JoeBiden wants to win the
2020 Presidential Erection!

#coronavirus #foxnews
#Bernie2020 #COVID19
#Trump2020 #joebiden",FALSE,0,NA,2020-03-26 02:47:53,FALSE,NA,"1243006730059030528",NA,"<a href=""http://twitter.com/download/android"" rel=""nofollow"">Twitter for Android</a>","RonaldNJPoem",0,FALSE,FALSE,NA,NA
"55","RT @Ontheotherhand: @davidsiders @BernieSanders @JoeBiden It‚Äôs not only up to Joe. @SenSanders has a lot to say and many want to hear him.‚Ä¶",FALSE,0,NA,2020-03-26 02:47:48,FALSE,NA,"1243006711247536128",NA,"<a href=""http://twitter.com/download/iphone"" rel=""nofollow"">Twitter for iPhone</a>","john_brumjo",11,TRUE,FALSE,NA,NA
"56","@CalebJHull @JoeBiden Not as fast as they do with COVID19 - but you are more thuan welcome to go to your job and be‚Ä¶ https://t.co/0rWt1fgqvJ",FALSE,0,"CalebJHull",2020-03-26 02:43:30,TRUE,"1242605435376611329","1243005628177678338","239005322","<a href=""http://twitter.com/download/iphone"" rel=""nofollow"">Twitter for iPhone</a>","kelleywimberley",0,FALSE,FALSE,NA,NA
"57","@HobbyistBrendan @chrissmithnymag @JoeBiden It would only be useful if their discussion or debate was used solely f‚Ä¶ https://t.co/nQ1F9JKsyR",FALSE,0,"HobbyistBrendan",2020-03-26 02:41:39,TRUE,"1243000220624941057","1243005165210230784","4665300672","<a href=""http://twitter.com/download/iphone"" rel=""nofollow"">Twitter for iPhone</a>","GeraudMoncure",0,FALSE,FALSE,NA,NA
"58","RT @Goss30Goss: This #COVID19 has everyone on edge. Time to relax, take a few deep breaths, &amp; look forward to @JoeBiden winning the Preside‚Ä¶",FALSE,0,NA,2020-03-26 02:41:13,FALSE,NA,"1243005053658525696",NA,"<a href=""http://twitter.com/download/iphone"" rel=""nofollow"">Twitter for iPhone</a>","JerryTamburino",62,TRUE,FALSE,NA,NA
"59","RT @Goss30Goss: This #COVID19 has everyone on edge. Time to relax, take a few deep breaths, &amp; look forward to @JoeBiden winning the Preside‚Ä¶",FALSE,0,NA,2020-03-26 02:40:55,FALSE,NA,"1243004977506709504",NA,"<a href=""http://twitter.com/download/android"" rel=""nofollow"">Twitter for Android</a>","betseybess",62,TRUE,FALSE,NA,NA
"60","RT @MollyNagle3: .@JoeBiden is giving remarks focused on how #COVID19 is impacting young Americans in particular.

""The only way we'll full‚Ä¶",FALSE,0,NA,2020-03-26 02:40:25,FALSE,NA,"1243004852470341633",NA,"<a href=""http://twitter.com/download/iphone"" rel=""nofollow"">Twitter for iPhone</a>","ItsMeTheRealAWP",166,TRUE,FALSE,NA,NA
"61","RT @Goss30Goss: This #COVID19 has everyone on edge. Time to relax, take a few deep breaths, &amp; look forward to @JoeBiden winning the Preside‚Ä¶",FALSE,0,NA,2020-03-26 02:39:31,FALSE,NA,"1243004624400977922",NA,"<a href=""https://mobile.twitter.com"" rel=""nofollow"">Twitter Web App</a>","MU88K",62,TRUE,FALSE,NA,NA
"62","RT @Goss30Goss: This #COVID19 has everyone on edge. Time to relax, take a few deep breaths, &amp; look forward to @JoeBiden winning the Preside‚Ä¶",FALSE,0,NA,2020-03-26 02:36:44,FALSE,NA,"1243003926540140546",NA,"<a href=""http://twitter.com/download/iphone"" rel=""nofollow"">Twitter for iPhone</a>","sha210",62,TRUE,FALSE,NA,NA
"63","RT @pennyparker0523: @JoeBiden Help our heros &amp; call on Governors &amp; Senators to shut down our state. In our county alone we have 10 positiv‚Ä¶",FALSE,0,NA,2020-03-26 02:36:43,FALSE,NA,"1243003923276812288",NA,"<a href=""http://twitter.com/download/android"" rel=""nofollow"">Twitter for Android</a>","HeatherlKeyes",8,TRUE,FALSE,NA,NA
"64","This is Masimo a COVID19 Co. @V2019N @joebiden 's TOP DONOR!!! https://t.co/mAS4J0cz44 https://t.co/twcw0Uxy0L",FALSE,0,NA,2020-03-26 02:32:28,FALSE,NA,"1243002850529214467",NA,"<a href=""https://mobile.twitter.com"" rel=""nofollow"">Twitter Web App</a>","lugo",0,FALSE,FALSE,NA,NA
"65","@JoeBiden You should be calling out Pelosi an House Dem for thete PORK IN BILL YO HELP AMERICA.
STANDUP,  tell us your opinion.
#COVID19",FALSE,0,"JoeBiden",2020-03-26 02:30:58,FALSE,NA,"1243002472689537025","939091","<a href=""http://twitter.com/download/android"" rel=""nofollow"">Twitter for Android</a>","Jay00291440",0,FALSE,FALSE,NA,NA
"66","RT @BidenHarris420: #COVID19 is not a ""hoax"" as Trump claimed in February, nor do we have ""everything under control."" @JoeBiden has demonst‚Ä¶",FALSE,0,NA,2020-03-26 02:30:31,FALSE,NA,"1243002359762092032",NA,"<a href=""http://twitter.com/download/iphone"" rel=""nofollow"">Twitter for iPhone</a>","l_stemp",10,TRUE,FALSE,NA,NA
"67","As #President @JoeBiden will ensure #economic opportunities for our youth. : #YouthWithYou2020  #COVID2019 #COVID19‚Ä¶ https://t.co/eJefYFepjm",FALSE,0,NA,2020-03-26 02:30:14,TRUE,NA,"1243002290404982785",NA,"<a href=""https://mobile.twitter.com"" rel=""nofollow"">Twitter Web App</a>","HolleSharon",0,FALSE,FALSE,NA,NA
"68","RT @Goss30Goss: This #COVID19 has everyone on edge. Time to relax, take a few deep breaths, &amp; look forward to @JoeBiden winning the Preside‚Ä¶",FALSE,0,NA,2020-03-26 02:29:06,FALSE,NA,"1243002004508684288",NA,"<a href=""http://twitter.com/download/iphone"" rel=""nofollow"">Twitter for iPhone</a>","JJManring",62,TRUE,FALSE,NA,NA
"69","RT @HolleSharon: We need a real leader in the #WhiteHouse to help deal with #COVID19 , we need @JoeBiden. : #TeamJoe #COVID2019 #SocialDist‚Ä¶",FALSE,0,NA,2020-03-26 02:28:49,FALSE,NA,"1243001933104889864",NA,"<a href=""https://mobile.twitter.com"" rel=""nofollow"">Twitter Web App</a>","Shabanu3",5,TRUE,FALSE,NA,NA
"70","#trump #TrumpPandemic #TrumpVirusCoverup #gop #GOPBetrayedAmerica #COVID2019 #COVID19 #COVIDIOT https://t.co/3cP5VeL2gw",FALSE,0,NA,2020-03-26 02:28:24,FALSE,NA,"1243001830772105217",NA,"<a href=""http://twitter.com/download/iphone"" rel=""nofollow"">Twitter for iPhone</a>","ShonGreenblatt",0,FALSE,FALSE,NA,NA
"71","RT @Goss30Goss: This #COVID19 has everyone on edge. Time to relax, take a few deep breaths, &amp; look forward to @JoeBiden winning the Preside‚Ä¶",FALSE,0,NA,2020-03-26 02:27:32,FALSE,NA,"1243001609769979909",NA,"<a href=""http://twitter.com/download/android"" rel=""nofollow"">Twitter for Android</a>","PeggyMaslowski",62,TRUE,FALSE,NA,NA
"72","RT @HolleSharon: We need a real leader in the #WhiteHouse to help deal with #COVID19 , we need @JoeBiden. : #TeamJoe #COVID2019 #SocialDist‚Ä¶",FALSE,0,NA,2020-03-26 02:27:19,FALSE,NA,"1243001555982282752",NA,"<a href=""http://twitter.com/download/iphone"" rel=""nofollow"">Twitter for iPhone</a>","davidpsdem",5,TRUE,FALSE,NA,NA
"73","RT @Goss30Goss: This #COVID19 has everyone on edge. Time to relax, take a few deep breaths, &amp; look forward to @JoeBiden winning the Preside‚Ä¶",FALSE,0,NA,2020-03-26 02:27:12,FALSE,NA,"1243001526005579776",NA,"<a href=""http://twitter.com/download/iphone"" rel=""nofollow"">Twitter for iPhone</a>","pwpgarden",62,TRUE,FALSE,NA,NA
"74","We need a real leader in the #WhiteHouse to help deal with #COVID19 , we need @JoeBiden. : #TeamJoe #COVID2019‚Ä¶ https://t.co/y66dBS2GM8",FALSE,4,NA,2020-03-26 02:25:35,TRUE,NA,"1243001118445260801",NA,"<a href=""https://mobile.twitter.com"" rel=""nofollow"">Twitter Web App</a>","HolleSharon",5,FALSE,FALSE,NA,NA
"75","RT @Ontheotherhand: @davidsiders @BernieSanders @JoeBiden It‚Äôs not only up to Joe. @SenSanders has a lot to say and many want to hear him.‚Ä¶",FALSE,0,NA,2020-03-26 02:22:19,FALSE,NA,"1243000296479035394",NA,"<a href=""http://twitter.com/download/iphone"" rel=""nofollow"">Twitter for iPhone</a>","kirp24",11,TRUE,FALSE,NA,NA
"76","RT @theoc2ps: @colinkalmbacher In early 2019, @DNC announced there will be 12 debates. We've had 11.

Bernie has asked 12th to be focused o‚Ä¶",FALSE,0,NA,2020-03-26 02:19:26,FALSE,NA,"1242999573540294656",NA,"<a href=""https://mobile.twitter.com"" rel=""nofollow"">Twitter Web App</a>","mgb5000",3,TRUE,FALSE,NA,NA
"77","@Alyssa_Milano @JoeBiden @JoeBiden 's #1 Donor is MASIMO A COVID19 Company.",FALSE,0,"Alyssa_Milano",2020-03-26 02:18:30,FALSE,"1242874125221167104","1242999336973275136","26642006","<a href=""https://mobile.twitter.com"" rel=""nofollow"">Twitter Web App</a>","lugo",0,FALSE,FALSE,NA,NA
"78","RT @theoc2ps: @colinkalmbacher In early 2019, @DNC announced there will be 12 debates. We've had 11.

Bernie has asked 12th to be focused o‚Ä¶",FALSE,0,NA,2020-03-26 02:17:40,FALSE,NA,"1242999126742179841",NA,"<a href=""https://mobile.twitter.com"" rel=""nofollow"">Twitter Web App</a>","Solutions2Work",3,TRUE,FALSE,NA,NA
"79","RT @BidenHarris420: #COVID19 is not a ""hoax"" as Trump claimed in February, nor do we have ""everything under control."" @JoeBiden has demonst‚Ä¶",FALSE,0,NA,2020-03-26 02:15:34,FALSE,NA,"1242998600545820678",NA,"<a href=""http://twitter.com/download/iphone"" rel=""nofollow"">Twitter for iPhone</a>","desakoff",10,TRUE,FALSE,NA,NA
"80","RT @Goss30Goss: This #COVID19 has everyone on edge. Time to relax, take a few deep breaths, &amp; look forward to @JoeBiden winning the Preside‚Ä¶",FALSE,0,NA,2020-03-26 02:15:10,FALSE,NA,"1242998496526917632",NA,"<a href=""http://twitter.com/download/iphone"" rel=""nofollow"">Twitter for iPhone</a>","kdawg0729",62,TRUE,FALSE,NA,NA
"81","@BarryJenkins @aravosis it‚Äôs all about mad clown not about the lives of #americans infected by #covid19 #bonespur w‚Ä¶ https://t.co/hsiRSqey5G",FALSE,0,"BarryJenkins",2020-03-26 02:14:38,TRUE,"1242996910434078721","1242998365194817537","619278612","<a href=""http://twitter.com/download/iphone"" rel=""nofollow"">Twitter for iPhone</a>","billyshakes1561",0,FALSE,FALSE,NA,NA
"82","@JoeBiden @rebekahgeemd @realDonaldTrump @maddow .  Epic fail on COVID19 Response.  Where are the #PPE‚Äôs, respirators?",FALSE,0,"JoeBiden",2020-03-26 02:14:01,FALSE,"1242502232370749443","1242998209720406016","939091","<a href=""http://twitter.com/download/iphone"" rel=""nofollow"">Twitter for iPhone</a>","dacullington",0,FALSE,FALSE,NA,NA
"83","@GovMLG New Mexico is not California or New York! Quit acting like we‚Äôre ground zero for #COVID19. But at least if‚Ä¶ https://t.co/XFtbRw0eO4",FALSE,0,"GovMLG",2020-03-26 02:12:53,TRUE,NA,"1242997923568377856","1070083706822438912","<a href=""http://twitter.com/download/iphone"" rel=""nofollow"">Twitter for iPhone</a>","hazelnutmegan",0,FALSE,FALSE,NA,NA
"84","RT @naggerplz: @COsweda @JoeBiden is absolutely suffering from microstrokes...I can only imagine the medication regimen he is on.

His hand‚Ä¶",FALSE,0,NA,2020-03-26 02:11:55,FALSE,NA,"1242997678906191876",NA,"<a href=""http://twitter.com/download/android"" rel=""nofollow"">Twitter for Android</a>","KoHaynes",2,TRUE,FALSE,NA,NA
"85","@gtconway3d @sahilkapur I think mad clown @realDonaldTrump was preparing for a #comet to hit earth so could use‚Ä¶ https://t.co/Fzsk2lGe9W",FALSE,0,"gtconway3d",2020-03-26 02:11:24,TRUE,"1242955006141181953","1242997549104943105","471677441","<a href=""http://twitter.com/download/iphone"" rel=""nofollow"">Twitter for iPhone</a>","billyshakes1561",0,FALSE,FALSE,NA,NA
"86","RT @BidenHarris420: #COVID19 is not a ""hoax"" as Trump claimed in February, nor do we have ""everything under control."" @JoeBiden has demonst‚Ä¶",FALSE,0,NA,2020-03-26 02:10:51,FALSE,NA,"1242997413247401984",NA,"<a href=""http://twitter.com/download/iphone"" rel=""nofollow"">Twitter for iPhone</a>","sherra_mills",10,TRUE,FALSE,NA,NA
"87","Spot on. Sadly accurate recap of how we are in this mess. One of my hospital team members now in ICU with #COVID19.‚Ä¶ https://t.co/VRf6RPFa0d",FALSE,0,NA,2020-03-26 02:10:08,TRUE,NA,"1242997230686089216",NA,"<a href=""http://twitter.com/download/iphone"" rel=""nofollow"">Twitter for iPhone</a>","rnmom331",0,FALSE,FALSE,NA,NA
"88","@realDonaldTrump / @POTUS @senatemajldr 
@SenateGOP 
I wish a super pack or Instagram campaign was launched letting‚Ä¶ https://t.co/cZLvTQ8Fbs",FALSE,0,"realDonaldTrump",2020-03-26 02:09:16,TRUE,NA,"1242997013085552640","25073877","<a href=""http://twitter.com/download/android"" rel=""nofollow"">Twitter for Android</a>","VoteOutHate",0,FALSE,FALSE,NA,NA
"89","RT @BidenHarris420: #COVID19 is not a ""hoax"" as Trump claimed in February, nor do we have ""everything under control."" @JoeBiden has demonst‚Ä¶",FALSE,0,NA,2020-03-26 02:08:37,FALSE,NA,"1242996851487490048",NA,"<a href=""https://mobile.twitter.com"" rel=""nofollow"">Twitter Web App</a>","deejay90192",10,TRUE,FALSE,NA,NA
"90","RT @RN4GVP: So, I‚Äôm not going to watch the White House briefing anymore. I‚Äôll have to get my Dr. Fauci fix another way. 

SO WHAT TIME IS @‚Ä¶",FALSE,0,NA,2020-03-26 02:07:10,FALSE,NA,"1242996484364271617",NA,"<a href=""http://twitter.com/download/iphone"" rel=""nofollow"">Twitter for iPhone</a>","MelissaFoersch1",4,TRUE,FALSE,NA,NA
"91","RT @Goss30Goss: This #COVID19 has everyone on edge. Time to relax, take a few deep breaths, &amp; look forward to @JoeBiden winning the Preside‚Ä¶",FALSE,0,NA,2020-03-26 02:04:11,FALSE,NA,"1242995732543668232",NA,"<a href=""http://twitter.com/#!/download/ipad"" rel=""nofollow"">Twitter for iPad</a>","montique47",62,TRUE,FALSE,NA,NA
"92","RT @GeorgeSoniak: #COVID2019 #coronavirus #COVID19 #StayHome #CoronavirusLockdown #COVID #lockdown #TrumpPressConf #JoeBiden #BernieIsOurFD‚Ä¶",FALSE,0,NA,2020-03-26 02:03:45,FALSE,NA,"1242995627329454080",NA,"<a href=""https://mobile.twitter.com"" rel=""nofollow"">Twitter Web App</a>","hunkaberninlove",1,TRUE,FALSE,NA,NA
"93","#COVID2019 #coronavirus #COVID19 #StayHome #CoronavirusLockdown #COVID #lockdown #TrumpPressConf #JoeBiden‚Ä¶ https://t.co/1dvwRQOcyu",FALSE,1,NA,2020-03-26 02:03:07,TRUE,NA,"1242995467119665152",NA,"<a href=""http://twitter.com/download/android"" rel=""nofollow"">Twitter for Android</a>","GeorgeSoniak",1,FALSE,FALSE,NA,NA
"94","RT @BidenHarris420: #COVID19 is not a ""hoax"" as Trump claimed in February, nor do we have ""everything under control."" @JoeBiden has demonst‚Ä¶",FALSE,0,NA,2020-03-26 02:01:43,FALSE,NA,"1242995114957574144",NA,"<a href=""http://twitter.com/download/iphone"" rel=""nofollow"">Twitter for iPhone</a>","Il4Kamala",10,TRUE,FALSE,NA,NA
"95","The number of covid19 cases are now 50000 and counting @cnn @foxnews @msnbc @CBSNews @abc @JoeBiden",FALSE,0,NA,2020-03-26 02:01:31,FALSE,NA,"1242995064416153601",NA,"<a href=""https://mobile.twitter.com"" rel=""nofollow"">Twitter Web App</a>","_Unionistparty",0,FALSE,FALSE,NA,NA
"96","RT @BidenHarris420: #COVID19 is not a ""hoax"" as Trump claimed in February, nor do we have ""everything under control."" @JoeBiden has demonst‚Ä¶",FALSE,0,NA,2020-03-26 02:01:06,FALSE,NA,"1242994956437827584",NA,"<a href=""http://twitter.com/download/android"" rel=""nofollow"">Twitter for Android</a>","trudygonzales",10,TRUE,FALSE,NA,NA
"97","@realDonaldTrump Uh oh. Think it‚Äôs too late for the stupidity part. Did you ever think if you did what you were sup‚Ä¶ https://t.co/H3WC1Cx3lL",FALSE,0,"realDonaldTrump",2020-03-26 02:00:00,TRUE,"1242929614344859649","1242994683007184896","25073877","<a href=""http://twitter.com/#!/download/ipad"" rel=""nofollow"">Twitter for iPad</a>","Starbright489",0,FALSE,FALSE,NA,NA
"98",".@Jeff_Jacoby in the @BostonGlobe, noting that @JoeBiden can't campaign for president in person because of the‚Ä¶ https://t.co/HlGxoyJDob",FALSE,3,NA,2020-03-26 01:59:48,TRUE,NA,"1242994632990097409",NA,"<a href=""http://twitter.com"" rel=""nofollow"">Twitter Web Client</a>","DanielPipes",1,FALSE,FALSE,NA,NA
"99","RT @ConservativeTht: Joe Biden keeps pushing misinformation about the #Coronavirus. He‚Äôs still, for example, mistakenly saying that Pres. T‚Ä¶",FALSE,0,NA,2020-03-26 01:59:24,FALSE,NA,"1242994531462778888",NA,"<a href=""http://twitter.com/download/android"" rel=""nofollow"">Twitter for Android</a>","livingonthebay",58,TRUE,FALSE,NA,NA
"100","RT @BidenHarris420: #COVID19 is not a ""hoax"" as Trump claimed in February, nor do we have ""everything under control."" @JoeBiden has demonst‚Ä¶",FALSE,0,NA,2020-03-26 01:57:54,FALSE,NA,"1242994153476112385",NA,"<a href=""http://twitter.com/download/iphone"" rel=""nofollow"">Twitter for iPhone</a>","MissBossyBoots_",10,TRUE,FALSE,NA,NA
"101","@brithume Kiss off @brithume 

NO MATTER what @JoeBiden does or says-we still have President @realDonaldTrump who a‚Ä¶ https://t.co/BAKaVShgVA",FALSE,0,"brithume",2020-03-26 01:57:40,TRUE,"1242533995528814593","1242994094848249857","112047805","<a href=""http://twitter.com/#!/download/ipad"" rel=""nofollow"">Twitter for iPad</a>","luvcats13",0,FALSE,FALSE,NA,NA
"102","#COVID19 is not a ""hoax"" as Trump claimed in February, nor do we have ""everything under control."" @JoeBiden has dem‚Ä¶ https://t.co/z7A75xi9HM",FALSE,21,NA,2020-03-26 01:57:17,TRUE,NA,"1242993997037142017",NA,"<a href=""https://mobile.twitter.com"" rel=""nofollow"">Twitter Web App</a>","BidenHarris420",10,FALSE,FALSE,NA,NA
"103","@DNC #dnc @demsforillinois @JoeBiden @BernieSanders @GovPritzker #COVID19 I am disgusted that rather than cancel th‚Ä¶ https://t.co/f5YxLusvrA",FALSE,0,"DNC",2020-03-26 01:56:10,TRUE,NA,"1242993716190683136","722793491059769344","<a href=""https://mobile.twitter.com"" rel=""nofollow"">Twitter Web App</a>","uLottie",0,FALSE,FALSE,NA,NA
"104","RT @LincolnLisa1: @MichaelCoudrey @KansasQuilting @US_FDA @VP @NYCMayor @nycgov There are really NO words! For you @BernieSanders bro‚Äôs ‚Äúar‚Ä¶",FALSE,0,NA,2020-03-26 01:55:57,FALSE,NA,"1242993662256189446",NA,"<a href=""http://twitter.com/download/iphone"" rel=""nofollow"">Twitter for iPhone</a>","BlessmanKris",1,TRUE,FALSE,NA,NA
"105","RT @Goss30Goss: This #COVID19 has everyone on edge. Time to relax, take a few deep breaths, &amp; look forward to @JoeBiden winning the Preside‚Ä¶",FALSE,0,NA,2020-03-26 01:54:47,FALSE,NA,"1242993368621293568",NA,"<a href=""http://twitter.com/#!/download/ipad"" rel=""nofollow"">Twitter for iPad</a>","verbatimguy",62,TRUE,FALSE,NA,NA
"106","RT @ispotify1: @thehill @JoeNBC @Morning_Joe @SpeakerPelosi @POTUS44 @cspan @ABCPolitics @CNNPolitics @HuffPostPol @nprpolitics @nytpolitic‚Ä¶",FALSE,0,NA,2020-03-26 01:54:37,FALSE,NA,"1242993328150450176",NA,"<a href=""http://twitter.com/download/android"" rel=""nofollow"">Twitter for Android</a>","ispotify1",1,TRUE,FALSE,NA,NA
"107","@thehill @JoeNBC @Morning_Joe @SpeakerPelosi @POTUS44 @cspan @ABCPolitics @CNNPolitics @HuffPostPol @nprpolitics‚Ä¶ https://t.co/6QTJqjyPq1",FALSE,1,"ispotify1",2020-03-26 01:54:17,TRUE,"1242900526628507655","1242993244654440452","340770461","<a href=""http://twitter.com/download/android"" rel=""nofollow"">Twitter for Android</a>","ispotify1",1,FALSE,FALSE,NA,NA
"108","RT @JLJustme: #TrumpPressConf #COVID2019 #COVID19 #CoronavirusLockdown #Hannity #LauraIngraham #WalkAwayCampaign #FoxAndFriends #CNNTownHal‚Ä¶",FALSE,0,NA,2020-03-26 01:53:42,FALSE,NA,"1242993096943702019",NA,"<a href=""http://twitter.com/download/android"" rel=""nofollow"">Twitter for Android</a>","slacktivist00",1,TRUE,FALSE,NA,NA
"109","RT @Goss30Goss: This #COVID19 has everyone on edge. Time to relax, take a few deep breaths, &amp; look forward to @JoeBiden winning the Preside‚Ä¶",FALSE,0,NA,2020-03-26 01:52:45,FALSE,NA,"1242992855783636992",NA,"<a href=""https://mobile.twitter.com"" rel=""nofollow"">Twitter Web App</a>","KELOUISE1",62,TRUE,FALSE,NA,NA
"110","@steveaustinBSR taking down sleepy @JoeBiden @realDonaldTrump @POTUS @WWE @FoxNews @CNN #JoeBiden‚Ä¶ https://t.co/SDX3e0HDE5",FALSE,0,"steveaustinBSR",2020-03-26 01:52:43,TRUE,NA,"1242992849697849350","112915037","<a href=""http://twitter.com/download/android"" rel=""nofollow"">Twitter for Android</a>","MOOSEMILITIA",0,FALSE,FALSE,NA,NA
"111","@JBPritzker @BernieSanders @RepAdamSchiff @SenSchumer @SpeakerPelosi @NYGovCuomo @JoeBiden are politicians in this‚Ä¶ https://t.co/X2RTQVxFBU",FALSE,0,"JBPritzker",2020-03-26 01:49:45,TRUE,NA,"1242992103954747394","45550693","<a href=""http://twitter.com/download/android"" rel=""nofollow"">Twitter for Android</a>","JMichel03385518",0,FALSE,FALSE,NA,NA
"112","RT @ConservativeTht: Joe Biden keeps pushing misinformation about the #Coronavirus. He‚Äôs still, for example, mistakenly saying that Pres. T‚Ä¶",FALSE,0,NA,2020-03-26 01:49:39,FALSE,NA,"1242992077434167296",NA,"<a href=""http://twitter.com/download/android"" rel=""nofollow"">Twitter for Android</a>","rikmachunts2",58,TRUE,FALSE,NA,NA
"113","@jaketapper @neal_katyal This is a #Dangerous &amp; #Narcissist statement. #NewsMedia re the #Safety of stopping‚Ä¶ https://t.co/nbJE43eEhL",FALSE,0,"jaketapper",2020-03-26 01:49:29,TRUE,"1242931079041908740","1242992034606133248","14529929","<a href=""http://twitter.com/#!/download/ipad"" rel=""nofollow"">Twitter for iPad</a>","Starbright489",0,FALSE,FALSE,NA,NA
"114","#TrumpPressConf #COVID2019 #COVID19 #CoronavirusLockdown #Hannity #LauraIngraham #WalkAwayCampaign #FoxAndFriends‚Ä¶ https://t.co/BaqYy0Qy2Q",FALSE,1,NA,2020-03-26 01:49:08,TRUE,NA,"1242991947687616514",NA,"<a href=""http://twitter.com/download/android"" rel=""nofollow"">Twitter for Android</a>","JLJustme",1,FALSE,FALSE,NA,NA
"115","RT @Goss30Goss: This #COVID19 has everyone on edge. Time to relax, take a few deep breaths, &amp; look forward to @JoeBiden winning the Preside‚Ä¶",FALSE,0,NA,2020-03-26 01:46:14,FALSE,NA,"1242991216825749509",NA,"<a href=""https://mobile.twitter.com"" rel=""nofollow"">Twitter Web App</a>","McPhoto55",62,TRUE,FALSE,NA,NA
"116","RT @chickwerner: @funder #DoctorsOnlyPressConferences #Trumpdemic
#CoronavirusPandemic #CoronaVirus #COVID19

Watched #JoeBiden #HappyHour‚Ä¶",FALSE,0,NA,2020-03-26 01:44:38,FALSE,NA,"1242990814718046209",NA,"<a href=""https://mobile.twitter.com"" rel=""nofollow"">Twitter Web App</a>","chickwerner",1,TRUE,FALSE,NA,NA
"117","@funder #DoctorsOnlyPressConferences #Trumpdemic
#CoronavirusPandemic #CoronaVirus #COVID19

Watched #JoeBiden‚Ä¶ https://t.co/1WsEzQjFUs",FALSE,1,"funder",2020-03-26 01:44:29,TRUE,"1242918918643232768","1242990778764460032","14247236","<a href=""https://mobile.twitter.com"" rel=""nofollow"">Twitter Web App</a>","chickwerner",1,FALSE,FALSE,NA,NA
"118","@JoeBiden just like @realDonaldTrump
  you never ceases to amaze me even in time of crisis like we are facing becau‚Ä¶ https://t.co/G94v5ddi7B",FALSE,1,"JoeBiden",2020-03-26 01:43:27,TRUE,NA,"1242990516049977349","939091","<a href=""https://mobile.twitter.com"" rel=""nofollow"">Twitter Web App</a>","ahmed766543",0,FALSE,FALSE,NA,NA
"119","@HouseDemocrats @SenSchumer

Please, protect @BernieSanders @JoeBiden lives.

Because #COVID19 RISKS, üôèüïäÔ∏è all campa‚Ä¶ https://t.co/2yTuciQKVN",FALSE,0,"HouseDemocrats",2020-03-26 01:40:58,TRUE,NA,"1242989893795676160","43963249","<a href=""http://twitter.com/download/android"" rel=""nofollow"">Twitter for Android</a>","josinetebastos",0,FALSE,FALSE,NA,NA
"120","@miagata73 @DavidFWhitten67 @kallllisti You are taking #JoeBiden's response out of context. The ""cure"" of social di‚Ä¶ https://t.co/lcoryHTQPK",FALSE,0,"miagata73",2020-03-26 01:39:31,TRUE,"1242981211095453696","1242989525552508928","190150107","<a href=""http://twitter.com/download/android"" rel=""nofollow"">Twitter for Android</a>","amyserwinowski",0,FALSE,FALSE,NA,NA
"121","#JoeBiden #TrumpPressConf #ThursdayThoughts Breaking News #MorningJoe #coronavirus #MAGA #COVID19 https://t.co/lnd5mkbhus",FALSE,0,NA,2020-03-26 01:38:45,FALSE,NA,"1242989333243662341",NA,"<a href=""http://twitter.com/download/iphone"" rel=""nofollow"">Twitter for iPhone</a>","kbari12",0,FALSE,FALSE,NA,NA
"122","RT @QUARTZ45: Help #Truckers get #PPE to fight #COVID19 #RespectTruckers #Trucking #N95masks @OOIDA @JoeBiden @NYGovCuomo @OSHA_DOL @FMCSA‚Ä¶",FALSE,0,NA,2020-03-26 01:36:33,FALSE,NA,"1242988778937081856",NA,"<a href=""http://twitter.com/download/iphone"" rel=""nofollow"">Twitter for iPhone</a>","luvtruckers",5,TRUE,FALSE,NA,NA
"123","RT @Goss30Goss: This #COVID19 has everyone on edge. Time to relax, take a few deep breaths, &amp; look forward to @JoeBiden winning the Preside‚Ä¶",FALSE,0,NA,2020-03-26 01:35:48,FALSE,NA,"1242988589815754754",NA,"<a href=""https://mobile.twitter.com"" rel=""nofollow"">Twitter Web App</a>","gothamdarkknite",62,TRUE,FALSE,NA,NA
"124","@realDonaldTrump Please ask #China to pay for all #COVID19 treatments.. @JoeBiden @BernieSanders @ewarren",FALSE,0,"realDonaldTrump",2020-03-26 01:35:38,FALSE,NA,"1242988551215644673","25073877","<a href=""http://twitter.com/download/android"" rel=""nofollow"">Twitter for Android</a>","ShashankVy",0,FALSE,FALSE,NA,NA
"125","Breaking news:
@JoeBiden and @BernieSanders race for a cure to the deadly #COVID19 virus.

@realDonaldTrump https://t.co/jvan0TW6ON",FALSE,0,NA,2020-03-26 01:35:24,FALSE,NA,"1242988491958558722",NA,"<a href=""http://twitter.com/download/android"" rel=""nofollow"">Twitter for Android</a>","BuzzerdClay",0,FALSE,FALSE,NA,NA
"126","RT @Goss30Goss: This #COVID19 has everyone on edge. Time to relax, take a few deep breaths, &amp; look forward to @JoeBiden winning the Preside‚Ä¶",FALSE,0,NA,2020-03-26 01:32:48,FALSE,NA,"1242987835583594496",NA,"<a href=""http://twitter.com/#!/download/ipad"" rel=""nofollow"">Twitter for iPad</a>","cargillclerk",62,TRUE,FALSE,NA,NA
"127","RT @DeityFree: @DRich_24 @BrunoAmato_1 The Biden plan to combat coronavirus COVID-19

https://t.co/LYlnErx78Y",FALSE,0,NA,2020-03-26 01:31:19,FALSE,NA,"1242987461648748550",NA,"<a href=""https://mobile.twitter.com"" rel=""nofollow"">Twitter Web App</a>","ei9iw",3,TRUE,FALSE,NA,NA
"128","RT @CuriousHobbyist: @JoeBiden Joe really wants the market to crash!

We don't need to lose lives to put 1 point on the DOW, idiot. 

All t‚Ä¶",FALSE,0,NA,2020-03-26 01:30:25,FALSE,NA,"1242987238637670402",NA,"<a href=""http://twitter.com/download/android"" rel=""nofollow"">Twitter for Android</a>","PeteKent01",39,TRUE,FALSE,NA,NA
"129","RT @Goss30Goss: This #COVID19 has everyone on edge. Time to relax, take a few deep breaths, &amp; look forward to @JoeBiden winning the Preside‚Ä¶",FALSE,0,NA,2020-03-26 01:30:16,FALSE,NA,"1242987197004947465",NA,"<a href=""http://twitter.com/#!/download/ipad"" rel=""nofollow"">Twitter for iPad</a>","Praymond713",62,TRUE,FALSE,NA,NA
"130","RT @DeityFree: @DRich_24 @BrunoAmato_1 The Biden plan to combat coronavirus COVID-19

https://t.co/LYlnErx78Y",FALSE,0,NA,2020-03-26 01:28:25,FALSE,NA,"1242986735136419840",NA,"<a href=""http://twitter.com/download/iphone"" rel=""nofollow"">Twitter for iPhone</a>","DeityFree",3,TRUE,FALSE,NA,NA
"131","RT @GayLeftistPNW: @UniversalSp1r1t @kenolin1 @BernieSanders @JoeBiden what the fuck is this?

I'm 24, thousands in medical debt and curren‚Ä¶",FALSE,0,NA,2020-03-26 01:28:20,FALSE,NA,"1242986710973046784",NA,"<a href=""https://mobile.twitter.com"" rel=""nofollow"">Twitter Web App</a>","noreallyhowcome",1,TRUE,FALSE,NA,NA
"132","RT @Goss30Goss: This #COVID19 has everyone on edge. Time to relax, take a few deep breaths, &amp; look forward to @JoeBiden winning the Preside‚Ä¶",FALSE,0,NA,2020-03-26 01:26:18,FALSE,NA,"1242986199742058496",NA,"<a href=""http://twitter.com/download/android"" rel=""nofollow"">Twitter for Android</a>","bryanthaynes1",62,TRUE,FALSE,NA,NA
"133","RT @NoOneReallySays: @KarmaSanDiegoo @rex_irby @PuestoLoco @joncoopertweets @JoeBiden It doesn't matter if it is 20-44 or 20-32 and 32-44,‚Ä¶",FALSE,0,NA,2020-03-26 01:26:16,FALSE,NA,"1242986192225939460",NA,"<a href=""http://twitter.com/download/iphone"" rel=""nofollow"">Twitter for iPhone</a>","stbrnoldfrt",3,TRUE,FALSE,NA,NA
"134","RT @SMBWhitney: @JoeBiden Trump treated Intelligence Reports on #COVID19 in Jan and Feb 2020 as a Dem political campaign tactic https://t.c‚Ä¶",FALSE,0,NA,2020-03-26 01:26:16,FALSE,NA,"1242986191189946375",NA,"<a href=""http://twitter.com/download/android"" rel=""nofollow"">Twitter for Android</a>","federicoalves",4,TRUE,FALSE,NA,NA
"135","RT @Goss30Goss: This #COVID19 has everyone on edge. Time to relax, take a few deep breaths, &amp; look forward to @JoeBiden winning the Preside‚Ä¶",FALSE,0,NA,2020-03-26 01:25:44,FALSE,NA,"1242986058167595008",NA,"<a href=""http://twitter.com/download/iphone"" rel=""nofollow"">Twitter for iPhone</a>","KarenWe44853431",62,TRUE,FALSE,NA,NA
"136","Free @JoeBiden! Hey MSM learn from history as it tends to repeat. You‚Äôre allowing Trump to spew fake news and his B‚Ä¶ https://t.co/HD6mfc1OYs",FALSE,2,NA,2020-03-26 01:25:06,TRUE,NA,"1242985900583391234",NA,"<a href=""http://twitter.com/download/iphone"" rel=""nofollow"">Twitter for iPhone</a>","JMS155",0,FALSE,FALSE,NA,NA
"137","@JoeBiden Be honest. Covid19 was here as early as Nov 2019. Doctors were seeing this thinking it was just another URI",FALSE,0,"JoeBiden",2020-03-26 01:24:55,FALSE,"1242594795723173894","1242985854194376704","939091","<a href=""http://twitter.com/download/android"" rel=""nofollow"">Twitter for Android</a>","HealingWSpirit",0,FALSE,FALSE,NA,NA
"138","RT @SMBWhitney: @JoeBiden Trump treated Intelligence Reports on #COVID19 in Jan and Feb 2020 as a Dem political campaign tactic https://t.c‚Ä¶",FALSE,0,NA,2020-03-26 01:24:47,FALSE,NA,"1242985820748795904",NA,"<a href=""http://twitter.com/download/iphone"" rel=""nofollow"">Twitter for iPhone</a>","Pinozoni",4,TRUE,FALSE,NA,NA
"139","RT @ifindkarma: @BarackObama @Gordon_Hannah Thank you for that link.

This video by @RonaldKlain on #COVID19 is helpful, too:

https://t.co‚Ä¶",FALSE,0,NA,2020-03-26 01:23:48,FALSE,NA,"1242985570923687936",NA,"<a href=""http://twitter.com/download/android"" rel=""nofollow"">Twitter for Android</a>","mermaid_mjb",126,TRUE,FALSE,NA,NA
"140","RT @Goss30Goss: This #COVID19 has everyone on edge. Time to relax, take a few deep breaths, &amp; look forward to @JoeBiden winning the Preside‚Ä¶",FALSE,0,NA,2020-03-26 01:23:31,FALSE,NA,"1242985501528915968",NA,"<a href=""https://mobile.twitter.com"" rel=""nofollow"">Twitter Web App</a>","aliminish",62,TRUE,FALSE,NA,NA
"141","RT @Goss30Goss: This #COVID19 has everyone on edge. Time to relax, take a few deep breaths, &amp; look forward to @JoeBiden winning the Preside‚Ä¶",FALSE,0,NA,2020-03-26 01:22:15,FALSE,NA,"1242985180928843781",NA,"<a href=""http://twitter.com/download/android"" rel=""nofollow"">Twitter for Android</a>","WayneDJohnson24",62,TRUE,FALSE,NA,NA
"142","RT @SMBWhitney: @JoeBiden Trump treated Intelligence Reports on #COVID19 in Jan and Feb 2020 as a Dem political campaign tactic https://t.c‚Ä¶",FALSE,0,NA,2020-03-26 01:20:43,FALSE,NA,"1242984796369846273",NA,"<a href=""http://twitter.com/download/android"" rel=""nofollow"">Twitter for Android</a>","rubrics4life",4,TRUE,FALSE,NA,NA
"143","RT @Goss30Goss: This #COVID19 has everyone on edge. Time to relax, take a few deep breaths, &amp; look forward to @JoeBiden winning the Preside‚Ä¶",FALSE,0,NA,2020-03-26 01:18:57,FALSE,NA,"1242984350653788165",NA,"<a href=""https://mobile.twitter.com"" rel=""nofollow"">Twitter Web App</a>","Jenny__Blue",62,TRUE,FALSE,NA,NA
"144",".@realDonaldTrump is the problem. Inability to manage crisis coupled with indignity to take responsibility.‚Ä¶ https://t.co/C2uXiUXD0z",FALSE,7,NA,2020-03-26 01:17:51,TRUE,NA,"1242984075964620801",NA,"<a href=""http://twitter.com/download/iphone"" rel=""nofollow"">Twitter for iPhone</a>","AriAramesh",0,FALSE,FALSE,NA,NA
"145","@JoeBiden Trump treated Intelligence Reports on #COVID19 in Jan and Feb 2020 as a Dem political campaign tactic https://t.co/c8IIgxT7pT",FALSE,4,"JoeBiden",2020-03-26 01:17:08,FALSE,"1242979580941492226","1242983895659958272","939091","<a href=""http://twitter.com/download/android"" rel=""nofollow"">Twitter for Android</a>","SMBWhitney",4,FALSE,FALSE,NA,NA
"146","RT @Goss30Goss: This #COVID19 has everyone on edge. Time to relax, take a few deep breaths, &amp; look forward to @JoeBiden winning the Preside‚Ä¶",FALSE,0,NA,2020-03-26 01:16:57,FALSE,NA,"1242983847559442432",NA,"<a href=""http://twitter.com/#!/download/ipad"" rel=""nofollow"">Twitter for iPad</a>","rerichetta",62,TRUE,FALSE,NA,NA
"147","@JoeBiden This is 2020 and the national sport is hindsight. Where were all the leaders with foresight....oh yes...o‚Ä¶ https://t.co/1OmsBFIxoe",FALSE,2,"JoeBiden",2020-03-26 01:16:39,TRUE,"1242979580941492226","1242983770988384262","939091","<a href=""http://twitter.com/download/iphone"" rel=""nofollow"">Twitter for iPhone</a>","plinytheelder12",0,FALSE,FALSE,NA,NA
"148","RT @Goss30Goss: This #COVID19 has everyone on edge. Time to relax, take a few deep breaths, &amp; look forward to @JoeBiden winning the Preside‚Ä¶",FALSE,0,NA,2020-03-26 01:16:37,FALSE,NA,"1242983763262328832",NA,"<a href=""http://twitter.com/download/android"" rel=""nofollow"">Twitter for Android</a>","krollteri",62,TRUE,FALSE,NA,NA
"149","@JoeBiden @PeteButtigieg @amyklobuchar shame on you for trying to keep these crooks in power. #MedicareForAll‚Ä¶ https://t.co/rqEhnKyNFK",FALSE,0,"JoeBiden",2020-03-26 01:16:27,TRUE,NA,"1242983720958771200","939091","<a href=""http://twitter.com/download/android"" rel=""nofollow"">Twitter for Android</a>","ZenSiafu",0,FALSE,FALSE,NA,NA
"150","RT @Michael____C: Here is our so called leader @realDonaldTrump in his own words.

#EnoughIsEnough! This man cares for nothing but himself‚Ä¶",FALSE,0,NA,2020-03-26 01:15:14,FALSE,NA,"1242983415529512960",NA,"<a href=""https://mobile.twitter.com"" rel=""nofollow"">Twitter Web App</a>","weseeyoudonald",3,TRUE,FALSE,NA,NA
"151","RT @Goss30Goss: This #COVID19 has everyone on edge. Time to relax, take a few deep breaths, &amp; look forward to @JoeBiden winning the Preside‚Ä¶",FALSE,0,NA,2020-03-26 01:14:29,FALSE,NA,"1242983225645023232",NA,"<a href=""https://mobile.twitter.com"" rel=""nofollow"">Twitter Web App</a>","vinniemackenzie",62,TRUE,FALSE,NA,NA
"152","RT @RN4GVP: So, I‚Äôm not going to watch the White House briefing anymore. I‚Äôll have to get my Dr. Fauci fix another way. 

SO WHAT TIME IS @‚Ä¶",FALSE,0,NA,2020-03-26 01:14:27,FALSE,NA,"1242983218757992448",NA,"<a href=""http://twitter.com/download/iphone"" rel=""nofollow"">Twitter for iPhone</a>","FOTCangela",4,TRUE,FALSE,NA,NA
"153","RT @pennyparker0523: @JoeBiden Help our heros &amp; call on Governors &amp; Senators to shut down our state. In our county alone we have 10 positiv‚Ä¶",FALSE,0,NA,2020-03-26 01:12:10,FALSE,NA,"1242982645765529600",NA,"<a href=""http://twitter.com/download/iphone"" rel=""nofollow"">Twitter for iPhone</a>","pgmckim",8,TRUE,FALSE,NA,NA
"154","#coronavirus #EasterMassacre #COVID19 #COVID2019 #StayHome https://t.co/pzZGvdLPqi",FALSE,0,NA,2020-03-26 01:11:58,FALSE,NA,"1242982591977926662",NA,"<a href=""http://twitter.com/download/android"" rel=""nofollow"">Twitter for Android</a>","mns2lv4ever",0,FALSE,FALSE,NA,NA
"155","Bernie Sanders is out there fighting for all of our lives.

Has Biden even taken a stance on ANY part of the bill?‚Ä¶ https://t.co/5YNlc5SDts",FALSE,2,NA,2020-03-26 01:11:32,TRUE,NA,"1242982486348640257",NA,"<a href=""https://mobile.twitter.com"" rel=""nofollow"">Twitter Web App</a>","Jimdotbeep",0,FALSE,FALSE,NA,NA
"156","RT @Goss30Goss: This #COVID19 has everyone on edge. Time to relax, take a few deep breaths, &amp; look forward to @JoeBiden winning the Preside‚Ä¶",FALSE,0,NA,2020-03-26 01:11:24,FALSE,NA,"1242982450135027717",NA,"<a href=""https://mobile.twitter.com"" rel=""nofollow"">Twitter Web App</a>","TurnKansasBlue",62,TRUE,FALSE,NA,NA
"157","RT @Goss30Goss: This #COVID19 has everyone on edge. Time to relax, take a few deep breaths, &amp; look forward to @JoeBiden winning the Preside‚Ä¶",FALSE,0,NA,2020-03-26 01:10:08,FALSE,NA,"1242982133473382401",NA,"<a href=""http://twitter.com/#!/download/ipad"" rel=""nofollow"">Twitter for iPad</a>","Suzee5335",62,TRUE,FALSE,NA,NA
"158","Bernie Sanders is out there fighting for all of our lives.

Has Biden even taken a stance on ANY part of the bill?‚Ä¶ https://t.co/Xi5HadHOjG",FALSE,1,NA,2020-03-26 01:09:43,TRUE,NA,"1242982028368326657",NA,"<a href=""https://mobile.twitter.com"" rel=""nofollow"">Twitter Web App</a>","Jimdotbeep",0,FALSE,FALSE,NA,NA
"159","RT @b24fowler: Man, this dude makes the ads against himself. Are the less informed open to hearing him tell them how bad he actually is?‚Ä¶",FALSE,0,NA,2020-03-26 01:09:26,FALSE,NA,"1242981956238880779",NA,"<a href=""http://repo.qg"" rel=""nofollow"">2ndBot</a>","RedPillDetox",1,TRUE,FALSE,NA,NA
"160","RT @Goss30Goss: This #COVID19 has everyone on edge. Time to relax, take a few deep breaths, &amp; look forward to @JoeBiden winning the Preside‚Ä¶",FALSE,0,NA,2020-03-26 01:09:22,FALSE,NA,"1242981938585108482",NA,"<a href=""http://twitter.com/download/android"" rel=""nofollow"">Twitter for Android</a>","JORGE_C_NY",62,TRUE,FALSE,NA,NA
"161","Man, this dude makes the ads against himself. Are the less informed open to hearing him tell them how bad he actual‚Ä¶ https://t.co/e0LtmuiXyW",FALSE,1,NA,2020-03-26 01:08:08,TRUE,NA,"1242981627766202369",NA,"<a href=""http://twitter.com/download/iphone"" rel=""nofollow"">Twitter for iPhone</a>","b24fowler",1,FALSE,FALSE,NA,NA
"162","RT @Goss30Goss: This #COVID19 has everyone on edge. Time to relax, take a few deep breaths, &amp; look forward to @JoeBiden winning the Preside‚Ä¶",FALSE,0,NA,2020-03-26 01:06:48,FALSE,NA,"1242981293526261760",NA,"<a href=""http://twitter.com/download/android"" rel=""nofollow"">Twitter for Android</a>","bobkyler",62,TRUE,FALSE,NA,NA
"163","I think we‚Äôve all been getting it wrong. These aren‚Äôt #COVID19 ##pressers - they‚Äôre #campaign #rallies. #DrFauci sh‚Ä¶ https://t.co/iGI6fBnm7a",FALSE,0,NA,2020-03-26 01:05:57,TRUE,NA,"1242981080841453569",NA,"<a href=""http://twitter.com/download/iphone"" rel=""nofollow"">Twitter for iPhone</a>","DonnyDeplorable",0,FALSE,FALSE,NA,NA
"164","RT @NoOneReallySays: @KarmaSanDiegoo @rex_irby @PuestoLoco @joncoopertweets @JoeBiden It doesn't matter if it is 20-44 or 20-32 and 32-44,‚Ä¶",FALSE,0,NA,2020-03-26 01:05:00,FALSE,NA,"1242980841673969664",NA,"<a href=""https://mobile.twitter.com"" rel=""nofollow"">Twitter Web App</a>","PuestoLoco",3,TRUE,FALSE,NA,NA
"165","@DonaldJTrumpJr @JoeBiden Why don‚Äôt you go find a covid19 icu to clean. Your daddy #diaperdonald‚Äôs incompetence mea‚Ä¶ https://t.co/KtO2MHocEj",FALSE,0,"DonaldJTrumpJr",2020-03-26 01:04:55,TRUE,"1242894358191489024","1242980819272007680","39344374","<a href=""http://twitter.com/download/iphone"" rel=""nofollow"">Twitter for iPhone</a>","Or8r",0,FALSE,FALSE,NA,NA
"166","@realDonaldTrump This is a #Dangerous &amp; #Narcissist statement. #NewsMedia re the #Safety of stopping #StayAtHome or‚Ä¶ https://t.co/DAb2CmaN4t",FALSE,0,"realDonaldTrump",2020-03-26 01:03:45,TRUE,"1242905328209080331","1242980525779845125","25073877","<a href=""http://twitter.com/#!/download/ipad"" rel=""nofollow"">Twitter for iPad</a>","Starbright489",0,FALSE,FALSE,NA,NA
"167","@JoeBiden Ultimately the magnitude of the economic crisis is Trump‚Äôs fault. Trump delayed action responding to‚Ä¶ https://t.co/sakIEFFLk5",FALSE,2,"JoeBiden",2020-03-26 01:03:44,TRUE,"1242979580941492226","1242980522847899648","939091","<a href=""http://twitter.com/#!/download/ipad"" rel=""nofollow"">Twitter for iPad</a>","JamesCostos",0,FALSE,FALSE,NA,NA
"168","@DRich_24 @BrunoAmato_1 The Biden plan to combat coronavirus COVID-19

https://t.co/LYlnErx78Y",FALSE,3,"DeityFree",2020-03-26 01:01:54,FALSE,"1242979603380981760","1242980059306061830","3188819034","<a href=""http://twitter.com/download/iphone"" rel=""nofollow"">Twitter for iPhone</a>","DeityFree",3,FALSE,FALSE,NA,NA
"169","RT @Goss30Goss: This #COVID19 has everyone on edge. Time to relax, take a few deep breaths, &amp; look forward to @JoeBiden winning the Preside‚Ä¶",FALSE,0,NA,2020-03-26 01:01:40,FALSE,NA,"1242980000074272769",NA,"<a href=""http://twitter.com/download/android"" rel=""nofollow"">Twitter for Android</a>","PhoenixEamon",62,TRUE,FALSE,NA,NA
"170","#RidinWithBiden 
#COVID19 
#VoteBlueNoMatterWho 
#VoteBlueToEndThisNightmare https://t.co/Lj2lzrTGAh",FALSE,1,NA,2020-03-26 01:00:24,FALSE,NA,"1242979681340719105",NA,"<a href=""http://twitter.com/download/iphone"" rel=""nofollow"">Twitter for iPhone</a>","emceecram",0,FALSE,FALSE,NA,NA
"171","RT @Goss30Goss: This #COVID19 has everyone on edge. Time to relax, take a few deep breaths, &amp; look forward to @JoeBiden winning the Preside‚Ä¶",FALSE,0,NA,2020-03-26 01:00:21,FALSE,NA,"1242979668858408960",NA,"<a href=""https://mobile.twitter.com"" rel=""nofollow"">Twitter Web App</a>","amrigg",62,TRUE,FALSE,NA,NA
"172","RT @Goss30Goss: This #COVID19 has everyone on edge. Time to relax, take a few deep breaths, &amp; look forward to @JoeBiden winning the Preside‚Ä¶",FALSE,0,NA,2020-03-26 00:59:48,FALSE,NA,"1242979532916903936",NA,"<a href=""http://twitter.com/download/iphone"" rel=""nofollow"">Twitter for iPhone</a>","brighamboi",62,TRUE,FALSE,NA,NA
"173","RT @Goss30Goss: This #COVID19 has everyone on edge. Time to relax, take a few deep breaths, &amp; look forward to @JoeBiden winning the Preside‚Ä¶",FALSE,0,NA,2020-03-26 00:59:35,FALSE,NA,"1242979477476372481",NA,"<a href=""http://twitter.com/download/iphone"" rel=""nofollow"">Twitter for iPhone</a>","blaggerswagger",62,TRUE,FALSE,NA,NA
"174","RT @Goss30Goss: This #COVID19 has everyone on edge. Time to relax, take a few deep breaths, &amp; look forward to @JoeBiden winning the Preside‚Ä¶",FALSE,0,NA,2020-03-26 00:57:45,FALSE,NA,"1242979015230517248",NA,"<a href=""http://twitter.com/download/android"" rel=""nofollow"">Twitter for Android</a>","Judie_Chitwood",62,TRUE,FALSE,NA,NA
"175","RT @Goss30Goss: This #COVID19 has everyone on edge. Time to relax, take a few deep breaths, &amp; look forward to @JoeBiden winning the Preside‚Ä¶",FALSE,0,NA,2020-03-26 00:57:22,FALSE,NA,"1242978921127317504",NA,"<a href=""http://twitter.com/download/iphone"" rel=""nofollow"">Twitter for iPhone</a>","Teamparent8205",62,TRUE,FALSE,NA,NA
"176","RT @Goss30Goss: This #COVID19 has everyone on edge. Time to relax, take a few deep breaths, &amp; look forward to @JoeBiden winning the Preside‚Ä¶",FALSE,0,NA,2020-03-26 00:54:20,FALSE,NA,"1242978157109473280",NA,"<a href=""http://twitter.com/#!/download/ipad"" rel=""nofollow"">Twitter for iPad</a>","donnamay111",62,TRUE,FALSE,NA,NA
"177","I‚Äôm begging you to watch these TV clips of Joe. I‚Äôm begging you. #JoeBiden #COVID19 https://t.co/fvLjd2VYBb",FALSE,0,NA,2020-03-26 00:54:15,FALSE,NA,"1242978133885714433",NA,"<a href=""http://twitter.com/download/iphone"" rel=""nofollow"">Twitter for iPhone</a>","crista_atsirc",0,FALSE,FALSE,NA,NA
"178","RT @Goss30Goss: This #COVID19 has everyone on edge. Time to relax, take a few deep breaths, &amp; look forward to @JoeBiden winning the Preside‚Ä¶",FALSE,0,NA,2020-03-26 00:53:46,FALSE,NA,"1242978012930416640",NA,"<a href=""http://twitter.com/download/iphone"" rel=""nofollow"">Twitter for iPhone</a>","OpenToListen",62,TRUE,FALSE,NA,NA
"179","RT @Goss30Goss: This #COVID19 has everyone on edge. Time to relax, take a few deep breaths, &amp; look forward to @JoeBiden winning the Preside‚Ä¶",FALSE,0,NA,2020-03-26 00:53:10,FALSE,NA,"1242977860580769794",NA,"<a href=""http://twitter.com"" rel=""nofollow"">Twitter Web Client</a>","DennisCardiff",62,TRUE,FALSE,NA,NA
"180","RT @Goss30Goss: This #COVID19 has everyone on edge. Time to relax, take a few deep breaths, &amp; look forward to @JoeBiden winning the Preside‚Ä¶",FALSE,0,NA,2020-03-26 00:51:52,FALSE,NA,"1242977533701681152",NA,"<a href=""http://twitter.com/download/iphone"" rel=""nofollow"">Twitter for iPhone</a>","lvingfree5678",62,TRUE,FALSE,NA,NA
"181","RT @Goss30Goss: This #COVID19 has everyone on edge. Time to relax, take a few deep breaths, &amp; look forward to @JoeBiden winning the Preside‚Ä¶",FALSE,0,NA,2020-03-26 00:51:05,FALSE,NA,"1242977338704318464",NA,"<a href=""http://twitter.com/#!/download/ipad"" rel=""nofollow"">Twitter for iPad</a>","KatKirby01",62,TRUE,FALSE,NA,NA
"182","RT @Goss30Goss: This #COVID19 has everyone on edge. Time to relax, take a few deep breaths, &amp; look forward to @JoeBiden winning the Preside‚Ä¶",FALSE,0,NA,2020-03-26 00:49:24,FALSE,NA,"1242976915583111178",NA,"<a href=""http://twitter.com/download/iphone"" rel=""nofollow"">Twitter for iPhone</a>","lovinabox",62,TRUE,FALSE,NA,NA
"183","RT @Goss30Goss: This #COVID19 has everyone on edge. Time to relax, take a few deep breaths, &amp; look forward to @JoeBiden winning the Preside‚Ä¶",FALSE,0,NA,2020-03-26 00:49:09,FALSE,NA,"1242976853322870789",NA,"<a href=""https://mobile.twitter.com"" rel=""nofollow"">Twitter Web App</a>","SusanDa40941714",62,TRUE,FALSE,NA,NA
"184","RT @MollyNagle3: .@JoeBiden is giving remarks focused on how #COVID19 is impacting young Americans in particular.

""The only way we'll full‚Ä¶",FALSE,0,NA,2020-03-26 00:48:22,FALSE,NA,"1242976656395919360",NA,"<a href=""http://twitter.com/download/android"" rel=""nofollow"">Twitter for Android</a>","lachispa123",166,TRUE,FALSE,NA,NA
"185","RT @theoc2ps: @davidsiders @BernieSanders @JoeBiden We've had 11 of 12 debates @DNC announced in 2019

Bernie's asked 12th to be on #COVID1‚Ä¶",FALSE,0,NA,2020-03-26 00:46:56,FALSE,NA,"1242976295576899590",NA,"<a href=""http://twitter.com/download/android"" rel=""nofollow"">Twitter for Android</a>","JJMCCABE2",5,TRUE,FALSE,NA,NA
"186","RT @Goss30Goss: This #COVID19 has everyone on edge. Time to relax, take a few deep breaths, &amp; look forward to @JoeBiden winning the Preside‚Ä¶",FALSE,0,NA,2020-03-26 00:46:18,FALSE,NA,"1242976132561022982",NA,"<a href=""http://twitter.com/download/iphone"" rel=""nofollow"">Twitter for iPhone</a>","WestSuburbHomes",62,TRUE,FALSE,NA,NA
"187","RT @Goss30Goss: This #COVID19 has everyone on edge. Time to relax, take a few deep breaths, &amp; look forward to @JoeBiden winning the Preside‚Ä¶",FALSE,0,NA,2020-03-26 00:46:08,FALSE,NA,"1242976090987077642",NA,"<a href=""https://mobile.twitter.com"" rel=""nofollow"">Twitter Web App</a>","joycesurprenant",62,TRUE,FALSE,NA,NA
"188","RT @Goss30Goss: This #COVID19 has everyone on edge. Time to relax, take a few deep breaths, &amp; look forward to @JoeBiden winning the Preside‚Ä¶",FALSE,0,NA,2020-03-26 00:46:05,FALSE,NA,"1242976081969319938",NA,"<a href=""http://twitter.com/download/android"" rel=""nofollow"">Twitter for Android</a>","Oblivio69213348",62,TRUE,FALSE,NA,NA
"189","RT @Goss30Goss: This #COVID19 has everyone on edge. Time to relax, take a few deep breaths, &amp; look forward to @JoeBiden winning the Preside‚Ä¶",FALSE,0,NA,2020-03-26 00:45:58,FALSE,NA,"1242976050101063681",NA,"<a href=""http://twitter.com/download/android"" rel=""nofollow"">Twitter for Android</a>","EdJarring",62,TRUE,FALSE,NA,NA
"190","RT @thematthill: NEW SITE &gt;&gt; 

As we grapple with this public health &amp; economic crisis, folks are looking for clear information &amp; reliable‚Ä¶",FALSE,0,NA,2020-03-26 00:45:37,FALSE,NA,"1242975963144531968",NA,"<a href=""http://twitter.com/download/android"" rel=""nofollow"">Twitter for Android</a>","Solutioneer72",40,TRUE,FALSE,NA,NA
"191","RT @CricktsFromLeft: #JoeBiden #coronavirus #COVID2019 #COVID19 #CoronavirusLockdown #CoronavirusUSA https://t.co/THXyzUTGj3",FALSE,0,NA,2020-03-26 00:45:30,FALSE,NA,"1242975931167313925",NA,"<a href=""http://twitter.com/download/iphone"" rel=""nofollow"">Twitter for iPhone</a>","Saxophoneworld2",1,TRUE,FALSE,NA,NA
"192","RT @NETRetired: @AndyOstroy @JoeBiden @BernieSanders I wld like to know why @AC360 so impressed with that SoB Bernie.. when we mean #NeverB‚Ä¶",FALSE,0,NA,2020-03-26 00:44:36,FALSE,NA,"1242975706943913984",NA,"<a href=""https://mobile.twitter.com"" rel=""nofollow"">Twitter Web App</a>","I_Am_LisaR",1,TRUE,FALSE,NA,NA
"193","RT @MollyNagle3: .@JoeBiden is giving remarks focused on how #COVID19 is impacting young Americans in particular.

""The only way we'll full‚Ä¶",FALSE,0,NA,2020-03-26 00:44:19,FALSE,NA,"1242975636471324672",NA,"<a href=""https://mobile.twitter.com"" rel=""nofollow"">Twitter Web App</a>","SchMieke",166,TRUE,FALSE,NA,NA
"194","RT @Goss30Goss: This #COVID19 has everyone on edge. Time to relax, take a few deep breaths, &amp; look forward to @JoeBiden winning the Preside‚Ä¶",FALSE,0,NA,2020-03-26 00:44:14,FALSE,NA,"1242975613553496064",NA,"<a href=""http://twitter.com/download/iphone"" rel=""nofollow"">Twitter for iPhone</a>","says_grammy",62,TRUE,FALSE,NA,NA
"195","@AndyOstroy @JoeBiden @BernieSanders I wld like to know why @AC360 so impressed with that SoB Bernie.. when we mean‚Ä¶ https://t.co/14pFZydbc9",FALSE,2,"AndyOstroy",2020-03-26 00:44:12,TRUE,"1242627639338315776","1242975607736188929","123281100","<a href=""http://twitter.com/download/iphone"" rel=""nofollow"">Twitter for iPhone</a>","NETRetired",1,FALSE,FALSE,NA,NA
"196","Amid #IBelieveTara and a pathetic response to #COVID19, @JoeBiden's @PredictIt odds are down &gt;10% this week. Sorry‚Ä¶ https://t.co/2fVdEXbruJ",FALSE,2,NA,2020-03-26 00:43:55,TRUE,NA,"1242975533614465025",NA,"<a href=""https://mobile.twitter.com"" rel=""nofollow"">Twitter Web App</a>","ssalbdivad",1,FALSE,FALSE,NA,NA
"197","@Inevitable_ET Remember when @JoeBiden said ‚Äúif elected President he would CURE cancer.‚Äù One wonders? ü§î #COVID19 #stormishere",FALSE,0,"Inevitable_ET",2020-03-26 00:43:21,FALSE,"1242961450202783747","1242975391565918208","1886468286","<a href=""http://twitter.com/download/iphone"" rel=""nofollow"">Twitter for iPhone</a>","KmCrisler",0,FALSE,FALSE,NA,NA
"198","RT @Goss30Goss: This #COVID19 has everyone on edge. Time to relax, take a few deep breaths, &amp; look forward to @JoeBiden winning the Preside‚Ä¶",FALSE,0,NA,2020-03-26 00:42:20,FALSE,NA,"1242975136514482178",NA,"<a href=""http://twitter.com/download/iphone"" rel=""nofollow"">Twitter for iPhone</a>","nicshaf",62,TRUE,FALSE,NA,NA
"199","RT @Goss30Goss: This #COVID19 has everyone on edge. Time to relax, take a few deep breaths, &amp; look forward to @JoeBiden winning the Preside‚Ä¶",FALSE,0,NA,2020-03-26 00:40:31,FALSE,NA,"1242974677745766401",NA,"<a href=""http://twitter.com/download/iphone"" rel=""nofollow"">Twitter for iPhone</a>","bluedillygal",62,TRUE,FALSE,NA,NA
"200","RT @MagEgomaigue: @JackMa @AbiyAhmedAli thank you so much for all materials! Please #Gabon needs also leaders like you two to change all ou‚Ä¶",FALSE,0,NA,2020-03-26 00:40:07,FALSE,NA,"1242974580291047426",NA,"<a href=""http://twitter.com/download/android"" rel=""nofollow"">Twitter for Android</a>","GabonCece",1,TRUE,FALSE,NA,NA
